{"cameraMode":{"drawMode":0,"name":"Shaded","section":"Shading Mode"},"sceneLighting":true,"audioPlay":false,"sceneViewState":{"m_AlwaysRefresh":false,"showFog":true,"showSkybox":true,"showFlares":true,"showImageEffects":true,"showParticleSystems":true,"showVisualEffectGraphs":true,"m_FxEnabled":true},"in2DMode":false,"pivot":{"x":22.424463272094728,"y":26.092700958251954,"z":75.93244934082031},"rotation":{"x":0.0006449826760217547,"y":0.9686357975006104,"z":-0.26219964027404787,"w":-0.0027084441389888527},"size":3.0452609062194826,"orthographic":false}